{"cameraMode":{"drawMode":0,"name":"Shaded","section":"Shading Mode"},"sceneLighting":true,"audioPlay":false,"sceneViewState":{"m_AlwaysRefresh":false,"showFog":true,"showSkybox":true,"showFlares":true,"showImageEffects":true,"showParticleSystems":true,"showVisualEffectGraphs":true,"m_FxEnabled":true},"in2DMode":false,"pivot":{"x":19.392166137695314,"y":42.791587829589847,"z":-39.175498962402347},"rotation":{"x":0.5273311734199524,"y":-0.014939624816179276,"z":0.009092940017580986,"w":0.8508881330490112},"size":3.2101809978485109,"orthographic":false}