{"cameraMode":{"drawMode":0,"name":"Shaded","section":"Shading Mode"},"sceneLighting":true,"audioPlay":false,"sceneViewState":{"m_AlwaysRefresh":false,"showFog":true,"showSkybox":true,"showFlares":true,"showImageEffects":true,"showParticleSystems":true,"showVisualEffectGraphs":true,"m_FxEnabled":true},"in2DMode":false,"pivot":{"x":28.643056869506837,"y":106.73741149902344,"z":2.6755595207214357},"rotation":{"x":-0.7025923132896423,"y":-0.004335674922913313,"z":0.0031387454364448787,"w":-0.7134862542152405},"size":4.280949592590332,"orthographic":false}