{"cameraMode":{"drawMode":0,"name":"Shaded","section":"Shading Mode"},"sceneLighting":true,"audioPlay":false,"sceneViewState":{"m_AlwaysRefresh":false,"showFog":true,"showSkybox":true,"showFlares":true,"showImageEffects":true,"showParticleSystems":true,"showVisualEffectGraphs":true,"m_FxEnabled":true},"in2DMode":false,"pivot":{"x":28.881893157958986,"y":54.4289436340332,"z":-37.82322692871094},"rotation":{"x":0.4754151999950409,"y":0.0009410858037881553,"z":-0.0014857393689453602,"w":0.8810877203941345},"size":4.858466148376465,"orthographic":false}