{"cameraMode":{"drawMode":0,"name":"Shaded","section":"Shading Mode"},"sceneLighting":true,"audioPlay":false,"sceneViewState":{"m_AlwaysRefresh":false,"showFog":true,"showSkybox":true,"showFlares":true,"showImageEffects":true,"showParticleSystems":true,"showVisualEffectGraphs":true,"m_FxEnabled":true},"in2DMode":false,"pivot":{"x":17.716968536376954,"y":44.212501525878909,"z":-37.63258743286133},"rotation":{"x":0.35575899481773379,"y":-0.17770516872406007,"z":0.06871814280748368,"w":0.9162589907646179},"size":3.2101809978485109,"orthographic":false}